use superherosightings;

insert into Locations (LocationID, LocationName, LocationDescription, LocationStreet, LocationCity, LocationState, LocationZip, Latitude, Longitude) values (1, 'vel', 'dapibus augue vel accumsan tellus nisi eu', '44', 'Houston', 'Texas', '77080', '29.8159', '-95.523');
insert into Locations (LocationID, LocationName, LocationDescription, LocationStreet, LocationCity, LocationState, LocationZip, Latitude, Longitude) values (2, 'congue', 'ligula sit amet eleifend pede', '97', 'Newport News', 'Virginia', '23605', '37.0156', '-76.4332');
insert into Locations (LocationID, LocationName, LocationDescription, LocationStreet, LocationCity, LocationState, LocationZip, Latitude, Longitude) values (3, 'ac', 'ultrices phasellus id sapien in sapien iaculis congue vivamus', '10292', 'Houston', 'Texas', '77090', '30.0167', '-95.447');
insert into Locations (LocationID, LocationName, LocationDescription, LocationStreet, LocationCity, LocationState, LocationZip, Latitude, Longitude) values (4, 'tempus', 'neque vestibulum eget vulputate ut ultrices', '46862', 'Minneapolis', 'Minnesota', '55487', '45.0159', '-93.4719');
insert into Locations (LocationID, LocationName, LocationDescription, LocationStreet, LocationCity, LocationState, LocationZip, Latitude, Longitude) values (5, 'porttitor', 'lectus aliquam sit amet diam in magna bibendum imperdiet nullam', '53281', 'Portsmouth', 'New Hampshire', '03804', '43.0059', '-71.0132');
insert into Locations (LocationID, LocationName, LocationDescription, LocationStreet, LocationCity, LocationState, LocationZip, Latitude, Longitude) values (6, 'lectus', 'ut massa volutpat convallis morbi odio', '315', 'Washington', 'District of Columbia', '20566', '38.8971', '-77.0554');
insert into Locations (LocationID, LocationName, LocationDescription, LocationStreet, LocationCity, LocationState, LocationZip, Latitude, Longitude) values (7, 'enim', 'blandit nam nulla integer pede justo lacinia', '53', 'Anaheim', 'California', '92825', '33.8356', '-117.9132');
insert into Locations (LocationID, LocationName, LocationDescription, LocationStreet, LocationCity, LocationState, LocationZip, Latitude, Longitude) values (8, 'est', 'rhoncus dui vel sem sed sagittis nam congue', '9282', 'Monticello', 'Minnesota', '55565', '45.2009', '-93.8881');
insert into Locations (LocationID, LocationName, LocationDescription, LocationStreet, LocationCity, LocationState, LocationZip, Latitude, Longitude) values (9, 'primis', 'vulputate luctus cum sociis natoque penatibus et magnis', '47', 'Bronx', 'New York', '10464', '40.8469', '-73.7874');
insert into Locations (LocationID, LocationName, LocationDescription, LocationStreet, LocationCity, LocationState, LocationZip, Latitude, Longitude) values (10, 'ullamcorper', 'scelerisque quam turpis adipiscing lorem vitae mattis', '9784', 'El Paso', 'Texas', '79928', '31.6631', '-106.1401');
insert into Locations (LocationID, LocationName, LocationDescription, LocationStreet, LocationCity, LocationState, LocationZip, Latitude, Longitude) values (11, 'etiam', 'quam sollicitudin vitae consectetuer eget rutrum at', '9', 'Mount Vernon', 'New York', '10557', '41.119', '-73.733');
insert into Locations (LocationID, LocationName, LocationDescription, LocationStreet, LocationCity, LocationState, LocationZip, Latitude, Longitude) values (12, 'dignissim', 'nullam molestie nibh in lectus pellentesque at nulla suspendisse potenti', '9', 'Richmond', 'Virginia', '23293', '37.5242', '-77.4932');
insert into Locations (LocationID, LocationName, LocationDescription, LocationStreet, LocationCity, LocationState, LocationZip, Latitude, Longitude) values (13, 'vulputate', 'natoque penatibus et magnis dis parturient montes nascetur ridiculus', '029', 'Norfolk', 'Virginia', '23504', '36.8586', '-76.2686');
insert into Locations (LocationID, LocationName, LocationDescription, LocationStreet, LocationCity, LocationState, LocationZip, Latitude, Longitude) values (14, 'proin', 'integer ac neque duis bibendum morbi', '12063', 'Phoenix', 'Arizona', '85099', '33.2765', '-112.1872');
insert into Locations (LocationID, LocationName, LocationDescription, LocationStreet, LocationCity, LocationState, LocationZip, Latitude, Longitude) values (15, 'ut', 'dui luctus rutrum nulla tellus in', '39184', 'Cambridge', 'Massachusetts', '02142', '42.362', '-71.083');
insert into Locations (LocationID, LocationName, LocationDescription, LocationStreet, LocationCity, LocationState, LocationZip, Latitude, Longitude) values (16, 'consequat', 'ultricies eu nibh quisque id', '803', 'Rockford', 'Illinois', '61105', '42.3254', '-89.1705');
insert into Locations (LocationID, LocationName, LocationDescription, LocationStreet, LocationCity, LocationState, LocationZip, Latitude, Longitude) values (17, 'elementum', 'massa quis augue luctus tincidunt nulla mollis molestie', '7', 'Richmond', 'Virginia', '23260', '37.5242', '-77.4932');
insert into Locations (LocationID, LocationName, LocationDescription, LocationStreet, LocationCity, LocationState, LocationZip, Latitude, Longitude) values (18, 'vitae', 'quam pharetra magna ac consequat metus sapien ut nunc vestibulum', '7714', 'Salt Lake City', 'Utah', '84152', '40.7286', '-111.6627');
insert into Locations (LocationID, LocationName, LocationDescription, LocationStreet, LocationCity, LocationState, LocationZip, Latitude, Longitude) values (19, 'aliquam', 'massa volutpat convallis morbi odio odio elementum eu', '285', 'Galveston', 'Texas', '77554', '29.2243', '-94.9637');
insert into Locations (LocationID, LocationName, LocationDescription, LocationStreet, LocationCity, LocationState, LocationZip, Latitude, Longitude) values (20, 'rhoncus', 'nec molestie sed justo pellentesque', '264', 'Lake Worth', 'Florida', '33462', '26.5747', '-80.0794');
insert into Locations (LocationID, LocationName, LocationDescription, LocationStreet, LocationCity, LocationState, LocationZip, Latitude, Longitude) values (21, 'potenti', 'ligula in lacus curabitur at ipsum', '940', 'Baton Rouge', 'Louisiana', '70805', '30.486', '-91.1481');
insert into Locations (LocationID, LocationName, LocationDescription, LocationStreet, LocationCity, LocationState, LocationZip, Latitude, Longitude) values (22, 'lacinia', 'ac neque duis bibendum morbi non', '57769', 'Louisville', 'Kentucky', '40215', '38.1913', '-85.7847');
insert into Locations (LocationID, LocationName, LocationDescription, LocationStreet, LocationCity, LocationState, LocationZip, Latitude, Longitude) values (23, 'vel', 'enim leo rhoncus sed vestibulum', '2', 'Nashville', 'Tennessee', '37250', '36.1866', '-86.7852');
insert into Locations (LocationID, LocationName, LocationDescription, LocationStreet, LocationCity, LocationState, LocationZip, Latitude, Longitude) values (24, 'justo', 'nec nisi vulputate nonummy maecenas', '40', 'Birmingham', 'Alabama', '35254', '33.5446', '-86.9292');
insert into Locations (LocationID, LocationName, LocationDescription, LocationStreet, LocationCity, LocationState, LocationZip, Latitude, Longitude) values (25, 'nulla', 'quisque id justo sit amet sapien dignissim vestibulum vestibulum ante', '17523', 'Buffalo', 'New York', '14276', '42.7684', '-78.8871');
insert into Locations (LocationID, LocationName, LocationDescription, LocationStreet, LocationCity, LocationState, LocationZip, Latitude, Longitude) values (26, 'rutrum', 'quis augue luctus tincidunt nulla', '94', 'Philadelphia', 'Pennsylvania', '19125', '39.9788', '-75.1262');
insert into Locations (LocationID, LocationName, LocationDescription, LocationStreet, LocationCity, LocationState, LocationZip, Latitude, Longitude) values (27, 'morbi', 'sit amet erat nulla tempus vivamus', '765', 'Lake Charles', 'Louisiana', '70616', '30.2642', '-93.3265');
insert into Locations (LocationID, LocationName, LocationDescription, LocationStreet, LocationCity, LocationState, LocationZip, Latitude, Longitude) values (28, 'et', 'ligula suspendisse ornare consequat lectus in est', '59778', 'Springfield', 'Massachusetts', '01129', '42.1223', '-72.4876');
insert into Locations (LocationID, LocationName, LocationDescription, LocationStreet, LocationCity, LocationState, LocationZip, Latitude, Longitude) values (29, 'ipsum', 'ut ultrices vel augue vestibulum ante ipsum primis in faucibus', '91182', 'Knoxville', 'Tennessee', '37924', '36.032', '-83.8021');
insert into Locations (LocationID, LocationName, LocationDescription, LocationStreet, LocationCity, LocationState, LocationZip, Latitude, Longitude) values (30, 'pede', 'magnis dis parturient montes nascetur', '57', 'Tyler', 'Texas', '75710', '32.3475', '-95.3065');
insert into Locations (LocationID, LocationName, LocationDescription, LocationStreet, LocationCity, LocationState, LocationZip, Latitude, Longitude) values (31, 'sodales', 'nec euismod scelerisque quam turpis adipiscing lorem vitae mattis', '8', 'Phoenix', 'Arizona', '85067', '33.2765', '-112.1872');
insert into Locations (LocationID, LocationName, LocationDescription, LocationStreet, LocationCity, LocationState, LocationZip, Latitude, Longitude) values (32, 'libero', 'ultrices posuere cubilia curae nulla', '773', 'Las Vegas', 'Nevada', '89178', '35.9977', '-115.2861');
insert into Locations (LocationID, LocationName, LocationDescription, LocationStreet, LocationCity, LocationState, LocationZip, Latitude, Longitude) values (33, 'pede', 'luctus et ultrices posuere cubilia curae duis faucibus accumsan', '77', 'Huntington', 'West Virginia', '25721', '38.4134', '-82.2774');
insert into Locations (LocationID, LocationName, LocationDescription, LocationStreet, LocationCity, LocationState, LocationZip, Latitude, Longitude) values (34, 'integer', 'in faucibus orci luctus et', '9', 'Memphis', 'Tennessee', '38168', '35.2017', '-89.9715');
insert into Locations (LocationID, LocationName, LocationDescription, LocationStreet, LocationCity, LocationState, LocationZip, Latitude, Longitude) values (35, 'risus', 'sollicitudin ut suscipit a feugiat et', '4', 'Stamford', 'Connecticut', '06922', '41.0516', '-73.5143');
insert into Locations (LocationID, LocationName, LocationDescription, LocationStreet, LocationCity, LocationState, LocationZip, Latitude, Longitude) values (36, 'in', 'eu interdum eu tincidunt in leo maecenas pulvinar', '145', 'Stockton', 'California', '95205', '37.9625', '-121.2624');
insert into Locations (LocationID, LocationName, LocationDescription, LocationStreet, LocationCity, LocationState, LocationZip, Latitude, Longitude) values (37, 'molestie', 'ante nulla justo aliquam quis turpis eget elit sodales scelerisque', '9', 'Portland', 'Maine', '04109', '43.6783', '-70.1987');
insert into Locations (LocationID, LocationName, LocationDescription, LocationStreet, LocationCity, LocationState, LocationZip, Latitude, Longitude) values (38, 'vitae', 'tristique in tempus sit amet sem fusce consequat nulla', '63', 'Amarillo', 'Texas', '79116', '35.2454', '-101.999');
insert into Locations (LocationID, LocationName, LocationDescription, LocationStreet, LocationCity, LocationState, LocationZip, Latitude, Longitude) values (39, 'mauris', 'nullam orci pede venenatis non sodales sed tincidunt eu', '180', 'Austin', 'Texas', '78759', '30.4036', '-97.7526');
insert into Locations (LocationID, LocationName, LocationDescription, LocationStreet, LocationCity, LocationState, LocationZip, Latitude, Longitude) values (40, 'libero', 'sodales sed tincidunt eu felis fusce posuere felis sed lacus', '75350', 'Shawnee Mission', 'Kansas', '66205', '39.0312', '-94.6308');


insert into Mutants (MutantID, MutantName, MutantDescription) values (1, 'Noëlla', 'justo lacinia eget tincidunt');
insert into Mutants (MutantID, MutantName, MutantDescription) values (2, 'Audréanne', 'ut dolor');
insert into Mutants (MutantID, MutantName, MutantDescription) values (3, 'Östen', 'eleifend luctus ultricies eu');
insert into Mutants (MutantID, MutantName, MutantDescription) values (4, 'Lauréna', 'proin at');
insert into Mutants (MutantID, MutantName, MutantDescription) values (5, 'Illustrée', 'quis justo maecenas');
insert into Mutants (MutantID, MutantName, MutantDescription) values (6, 'Méthode', 'purus sit amet nulla quisque');
insert into Mutants (MutantID, MutantName, MutantDescription) values (7, 'Annotée', 'nisi eu orci');
insert into Mutants (MutantID, MutantName, MutantDescription) values (8, 'Kuí', 'non sodales');
insert into Mutants (MutantID, MutantName, MutantDescription) values (9, 'Régine', 'libero convallis');
insert into Mutants (MutantID, MutantName, MutantDescription) values (10, 'Zhì', 'congue etiam');
insert into Mutants (MutantID, MutantName, MutantDescription) values (11, 'Bénédicte', 'integer aliquet');
insert into Mutants (MutantID, MutantName, MutantDescription) values (12, 'Jú', 'quam nec dui luctus rutrum');
insert into Mutants (MutantID, MutantName, MutantDescription) values (13, 'Magdalène', 'commodo placerat praesent blandit');
insert into Mutants (MutantID, MutantName, MutantDescription) values (14, 'Noémie', 'habitasse platea dictumst aliquam');
insert into Mutants (MutantID, MutantName, MutantDescription) values (15, 'Frédérique', 'sapien a');
insert into Mutants (MutantID, MutantName, MutantDescription) values (16, 'Audréanne', 'rhoncus sed vestibulum sit amet');
insert into Mutants (MutantID, MutantName, MutantDescription) values (17, 'Mélissandre', 'tortor sollicitudin mi sit amet');
insert into Mutants (MutantID, MutantName, MutantDescription) values (18, 'Crééz', 'libero convallis');
insert into Mutants (MutantID, MutantName, MutantDescription) values (19, 'Cléopatre', 'hendrerit at vulputate vitae nisl');
insert into Mutants (MutantID, MutantName, MutantDescription) values (20, 'Cécile', 'dolor quis odio');
insert into Mutants (MutantID, MutantName, MutantDescription) values (21, 'Véronique', 'euismod scelerisque');
insert into Mutants (MutantID, MutantName, MutantDescription) values (22, 'Estée', 'non sodales');
insert into Mutants (MutantID, MutantName, MutantDescription) values (23, 'Cinéma', 'faucibus orci luctus et ultrices');
insert into Mutants (MutantID, MutantName, MutantDescription) values (24, 'Célestine', 'justo pellentesque viverra pede ac');
insert into Mutants (MutantID, MutantName, MutantDescription) values (25, 'Gisèle', 'nisl aenean lectus');
insert into Mutants (MutantID, MutantName, MutantDescription) values (26, 'Simplifiés', 'ut nunc vestibulum ante');
insert into Mutants (MutantID, MutantName, MutantDescription) values (27, 'André', 'amet diam in magna bibendum');
insert into Mutants (MutantID, MutantName, MutantDescription) values (28, 'Bécassine', 'eget elit sodales');
insert into Mutants (MutantID, MutantName, MutantDescription) values (29, 'Médiamass', 'vel est donec odio');
insert into Mutants (MutantID, MutantName, MutantDescription) values (30, 'Clémence', 'cursus vestibulum proin eu mi');
insert into Mutants (MutantID, MutantName, MutantDescription) values (31, 'Josée', 'auctor gravida sem');
insert into Mutants (MutantID, MutantName, MutantDescription) values (32, 'Océane', 'non mi integer');
insert into Mutants (MutantID, MutantName, MutantDescription) values (33, 'Estève', 'suspendisse potenti nullam porttitor lacus');
insert into Mutants (MutantID, MutantName, MutantDescription) values (34, 'Marylène', 'in blandit');
insert into Mutants (MutantID, MutantName, MutantDescription) values (35, 'Yú', 'accumsan tellus');
insert into Mutants (MutantID, MutantName, MutantDescription) values (36, 'Célia', 'tincidunt eget tempus vel pede');
insert into Mutants (MutantID, MutantName, MutantDescription) values (37, 'Marie-noël', 'nascetur ridiculus mus vivamus');
insert into Mutants (MutantID, MutantName, MutantDescription) values (38, 'Salomé', 'turpis donec posuere metus');
insert into Mutants (MutantID, MutantName, MutantDescription) values (39, 'Desirée', 'in libero ut massa volutpat');
insert into Mutants (MutantID, MutantName, MutantDescription) values (40, 'Renée', 'elementum in');

insert into Orgs (OrgID, OrgName, OrgDescription, OrgStreet, OrgCity, OrgState, OrgZip, OrgPhone, OrgEmail) values (1, 'elementum pellentesque', 'sapien arcu sed augue aliquam erat volutpat', '087 Novick Alley', 'Chicago', 'Illinois', '60657', '312-574-2520', 'seles0@omniture.com');
insert into Orgs (OrgID, OrgName, OrgDescription, OrgStreet, OrgCity, OrgState, OrgZip, OrgPhone, OrgEmail) values (2, 'sed augue', 'integer ac leo pellentesque ultrices mattis odio donec', '0957 Wayridge Parkway', 'San Diego', 'California', '92115', '619-408-3522', 'bokenden1@cocolog-nifty.com');
insert into Orgs (OrgID, OrgName, OrgDescription, OrgStreet, OrgCity, OrgState, OrgZip, OrgPhone, OrgEmail) values (3, 'condimentum neque', 'suspendisse accumsan tortor quis turpis sed', '795 Graedel Parkway', 'Sioux Falls', 'South Dakota', '57110', '605-291-6462', 'bjancey2@ox.ac.uk');
insert into Orgs (OrgID, OrgName, OrgDescription, OrgStreet, OrgCity, OrgState, OrgZip, OrgPhone, OrgEmail) values (4, 'praesent', 'quisque arcu libero rutrum ac lobortis vel dapibus', '17 Mayer Crossing', 'Brooklyn', 'New York', '11236', '917-692-0327', 'btremblet3@nature.com');
insert into Orgs (OrgID, OrgName, OrgDescription, OrgStreet, OrgCity, OrgState, OrgZip, OrgPhone, OrgEmail) values (5, 'odio in', 'faucibus orci luctus et ultrices', '0952 Reinke Point', 'Buffalo', 'New York', '14215', '716-345-2605', 'jmacadie4@rediff.com');
insert into Orgs (OrgID, OrgName, OrgDescription, OrgStreet, OrgCity, OrgState, OrgZip, OrgPhone, OrgEmail) values (6, 'commodo vulputate', 'massa quis augue luctus tincidunt', '95944 Towne Place', 'New Orleans', 'Louisiana', '70160', '504-941-0998', 'dfeveryear5@ca.gov');
insert into Orgs (OrgID, OrgName, OrgDescription, OrgStreet, OrgCity, OrgState, OrgZip, OrgPhone, OrgEmail) values (7, 'orci mauris', 'gravida sem praesent id massa', '19845 Ohio Center', 'Birmingham', 'Alabama', '35254', '205-592-9314', 'ebulbeck6@xinhuanet.com');
insert into Orgs (OrgID, OrgName, OrgDescription, OrgStreet, OrgCity, OrgState, OrgZip, OrgPhone, OrgEmail) values (8, 'non', 'ut nunc vestibulum ante ipsum primis', '294 Portage Way', 'Johnstown', 'Pennsylvania', '15906', '814-242-6765', 'npapa7@jiathis.com');
insert into Orgs (OrgID, OrgName, OrgDescription, OrgStreet, OrgCity, OrgState, OrgZip, OrgPhone, OrgEmail) values (9, 'primis', 'lectus in est risus auctor sed tristique in', '401 School Court', 'Fort Wayne', 'Indiana', '46857', '260-541-5717', 'wmarcombe8@exblog.jp');
insert into Orgs (OrgID, OrgName, OrgDescription, OrgStreet, OrgCity, OrgState, OrgZip, OrgPhone, OrgEmail) values (10, 'mattis', 'curabitur in libero ut massa volutpat convallis', '35241 Schurz Lane', 'Oakland', 'California', '94616', '510-625-5466', 'mbeauly9@go.com');
insert into Orgs (OrgID, OrgName, OrgDescription, OrgStreet, OrgCity, OrgState, OrgZip, OrgPhone, OrgEmail) values (11, 'quisque porta', 'erat nulla tempus vivamus in felis eu sapien', '51202 Monica Court', 'Las Vegas', 'Nevada', '89193', '702-874-0310', 'kprentya@marketwatch.com');
insert into Orgs (OrgID, OrgName, OrgDescription, OrgStreet, OrgCity, OrgState, OrgZip, OrgPhone, OrgEmail) values (12, 'velit vivamus', 'enim sit amet nunc viverra', '569 Kropf Way', 'Dallas', 'Texas', '75310', '214-225-5835', 'gnoreb@buzzfeed.com');
insert into Orgs (OrgID, OrgName, OrgDescription, OrgStreet, OrgCity, OrgState, OrgZip, OrgPhone, OrgEmail) values (13, 'eu massa', 'semper porta volutpat quam pede lobortis ligula', '38 Debra Lane', 'Metairie', 'Louisiana', '70033', '504-331-8322', 'jboddymeadc@macromedia.com');
insert into Orgs (OrgID, OrgName, OrgDescription, OrgStreet, OrgCity, OrgState, OrgZip, OrgPhone, OrgEmail) values (14, 'rutrum', 'quam fringilla rhoncus mauris enim leo rhoncus', '2996 Spaight Lane', 'Boston', 'Massachusetts', '02104', '318-547-9738', 'tellicockd@flavors.me');
insert into Orgs (OrgID, OrgName, OrgDescription, OrgStreet, OrgCity, OrgState, OrgZip, OrgPhone, OrgEmail) values (15, 'sit amet', 'molestie lorem quisque ut erat curabitur gravida', '31 Boyd Trail', 'Pittsburgh', 'Pennsylvania', '15235', '412-841-2185', 'kdaunaye@symantec.com');
insert into Orgs (OrgID, OrgName, OrgDescription, OrgStreet, OrgCity, OrgState, OrgZip, OrgPhone, OrgEmail) values (16, 'bibendum', 'venenatis non sodales sed tincidunt eu', '13 Lerdahl Pass', 'El Paso', 'Texas', '79950', '915-672-4878', 'kschorahf@alexa.com');
insert into Orgs (OrgID, OrgName, OrgDescription, OrgStreet, OrgCity, OrgState, OrgZip, OrgPhone, OrgEmail) values (17, 'ac enim', 'felis eu sapien cursus vestibulum proin eu', '4530 Norway Maple Alley', 'Johnson City', 'Tennessee', '37605', '423-408-2764', 'tblaisdellg@tumblr.com');
insert into Orgs (OrgID, OrgName, OrgDescription, OrgStreet, OrgCity, OrgState, OrgZip, OrgPhone, OrgEmail) values (18, 'ipsum', 'vestibulum quam sapien varius ut blandit non', '8348 School Park', 'Silver Spring', 'Maryland', '20918', '240-216-0406', 'kfanthamh@usatoday.com');
insert into Orgs (OrgID, OrgName, OrgDescription, OrgStreet, OrgCity, OrgState, OrgZip, OrgPhone, OrgEmail) values (19, 'aliquam', 'libero quis orci nullam molestie nibh', '59 Green Ridge Street', 'Houston', 'Texas', '77299', '713-660-9475', 'kbillyealdi@ucla.edu');
insert into Orgs (OrgID, OrgName, OrgDescription, OrgStreet, OrgCity, OrgState, OrgZip, OrgPhone, OrgEmail) values (20, 'pellentesque', 'duis mattis egestas metus aenean fermentum donec ut', '95 Main Point', 'Hartford', 'Connecticut', '06183', '860-497-2827', 'ehuisonj@gnu.org');
insert into Orgs (OrgID, OrgName, OrgDescription, OrgStreet, OrgCity, OrgState, OrgZip, OrgPhone, OrgEmail) values (21, 'suspendisse potenti', 'ut massa quis augue luctus tincidunt nulla', '3382 Lukken Alley', 'Gilbert', 'Arizona', '85297', '480-389-9128', 'bwoolwayk@time.com');
insert into Orgs (OrgID, OrgName, OrgDescription, OrgStreet, OrgCity, OrgState, OrgZip, OrgPhone, OrgEmail) values (22, 'turpis', 'mauris vulputate elementum nullam', '176 Morningstar Drive', 'Charlottesville', 'Virginia', '22903', '540-946-1630', 'abravenl@msu.edu');
insert into Orgs (OrgID, OrgName, OrgDescription, OrgStreet, OrgCity, OrgState, OrgZip, OrgPhone, OrgEmail) values (23, 'lorem quisque', 'duis mattis egestas metus aenean fermentum', '753 Jay Center', 'Lincoln', 'Nebraska', '68524', '402-298-7005', 'kmazilliusm@reverbnation.com');
insert into Orgs (OrgID, OrgName, OrgDescription, OrgStreet, OrgCity, OrgState, OrgZip, OrgPhone, OrgEmail) values (24, 'felis', 'viverra dapibus nulla suscipit ligula in', '3121 Sunbrook Center', 'Amarillo', 'Texas', '79105', '806-345-6866', 'gdownagen@europa.eu');
insert into Orgs (OrgID, OrgName, OrgDescription, OrgStreet, OrgCity, OrgState, OrgZip, OrgPhone, OrgEmail) values (25, 'consequat varius', 'felis sed interdum venenatis', '31 Hallows Trail', 'Madison', 'Wisconsin', '53710', '608-357-4425', 'cshutlero@dagondesign.com');
insert into Orgs (OrgID, OrgName, OrgDescription, OrgStreet, OrgCity, OrgState, OrgZip, OrgPhone, OrgEmail) values (26, 'ornare', 'sollicitudin mi sit amet lobortis', '50095 Sutteridge Place', 'Washington', 'District of Columbia', '20041', '703-722-8387', 'churdwellp@over-blog.com');
insert into Orgs (OrgID, OrgName, OrgDescription, OrgStreet, OrgCity, OrgState, OrgZip, OrgPhone, OrgEmail) values (27, 'porttitor', 'diam in magna bibendum imperdiet nullam orci', '6 Luster Crossing', 'Denton', 'Texas', '76210', '940-707-7739', 'sroebuckq@usa.gov');
insert into Orgs (OrgID, OrgName, OrgDescription, OrgStreet, OrgCity, OrgState, OrgZip, OrgPhone, OrgEmail) values (28, 'augue', 'rutrum ac lobortis vel dapibus', '38019 Buell Pass', 'Fort Worth', 'Texas', '76134', '817-717-8111', 'rruaner@soundcloud.com');
insert into Orgs (OrgID, OrgName, OrgDescription, OrgStreet, OrgCity, OrgState, OrgZip, OrgPhone, OrgEmail) values (29, 'sed tristique', 'proin leo odio porttitor', '61 Bashford Park', 'Los Angeles', 'California', '90060', '323-829-7772', 'mlyles@ca.gov');
insert into Orgs (OrgID, OrgName, OrgDescription, OrgStreet, OrgCity, OrgState, OrgZip, OrgPhone, OrgEmail) values (30, 'odio elementum', 'vel nulla eget eros', '76 Carey Parkway', 'Maple Plain', 'Minnesota', '55579', '952-694-1433', 'cdutteridget@booking.com');
insert into Orgs (OrgID, OrgName, OrgDescription, OrgStreet, OrgCity, OrgState, OrgZip, OrgPhone, OrgEmail) values (31, 'augue luctus', 'tellus nulla ut erat id mauris', '36187 Amoth Point', 'Shawnee Mission', 'Kansas', '66205', '816-851-2165', 'emoyseru@yahoo.co.jp');
insert into Orgs (OrgID, OrgName, OrgDescription, OrgStreet, OrgCity, OrgState, OrgZip, OrgPhone, OrgEmail) values (32, 'sem mauris', 'ullamcorper purus sit amet nulla quisque arcu', '6 Iowa Circle', 'Tampa', 'Florida', '33620', '813-854-9441', 'nsalkildv@mashable.com');
insert into Orgs (OrgID, OrgName, OrgDescription, OrgStreet, OrgCity, OrgState, OrgZip, OrgPhone, OrgEmail) values (33, 'rutrum', 'tincidunt lacus at velit vivamus', '74 Ridgeview Center', 'Irvine', 'California', '92612', '714-564-9235', 'amcclurgw@google.com.au');
insert into Orgs (OrgID, OrgName, OrgDescription, OrgStreet, OrgCity, OrgState, OrgZip, OrgPhone, OrgEmail) values (34, 'lacus', 'volutpat dui maecenas tristique est et tempus', '28 Autumn Leaf Street', 'Fort Worth', 'Texas', '76178', '682-317-7303', 'vblowfieldx@so-net.ne.jp');
insert into Orgs (OrgID, OrgName, OrgDescription, OrgStreet, OrgCity, OrgState, OrgZip, OrgPhone, OrgEmail) values (35, 'lorem', 'donec odio justo sollicitudin ut', '8237 Continental Avenue', 'Albuquerque', 'New Mexico', '87140', '505-636-9514', 'mfilany@phoca.cz');
insert into Orgs (OrgID, OrgName, OrgDescription, OrgStreet, OrgCity, OrgState, OrgZip, OrgPhone, OrgEmail) values (36, 'ridiculus mus', 'eget elit sodales scelerisque mauris sit amet eros', '98 Kinsman Street', 'Muncie', 'Indiana', '47306', '765-298-7560', 'olohoarz@home.pl');
insert into Orgs (OrgID, OrgName, OrgDescription, OrgStreet, OrgCity, OrgState, OrgZip, OrgPhone, OrgEmail) values (37, 'quam a', 'eu orci mauris lacinia', '5389 2nd Trail', 'Amarillo', 'Texas', '79159', '806-429-4676', 'lzottoli10@imdb.com');
insert into Orgs (OrgID, OrgName, OrgDescription, OrgStreet, OrgCity, OrgState, OrgZip, OrgPhone, OrgEmail) values (38, 'nullam', 'donec dapibus duis at velit eu est', '34 Park Meadow Way', 'Chicago', 'Illinois', '60686', '312-199-4544', 'opalley11@printfriendly.com');
insert into Orgs (OrgID, OrgName, OrgDescription, OrgStreet, OrgCity, OrgState, OrgZip, OrgPhone, OrgEmail) values (39, 'neque aenean', 'turpis nec euismod scelerisque quam', '2013 Blaine Point', 'Denver', 'Colorado', '80228', '303-383-5083', 'jodonoghue12@people.com.cn');
insert into Orgs (OrgID, OrgName, OrgDescription, OrgStreet, OrgCity, OrgState, OrgZip, OrgPhone, OrgEmail) values (40, 'nullam', 'nisi vulputate nonummy maecenas tincidunt', '49205 Twin Pines Terrace', 'Whittier', 'California', '90610', '562-615-6569', 'kmcbratney13@bloglovin.com');


insert into Powers (PowerID, PowerDescription) values (1, 'justo in blandit ultrices enim lorem ipsum');
insert into Powers (PowerID, PowerDescription) values (2, 'rhoncus mauris enim leo');
insert into Powers (PowerID, PowerDescription) values (3, 'non mi integer ac');
insert into Powers (PowerID, PowerDescription) values (4, 'enim blandit mi');
insert into Powers (PowerID, PowerDescription) values (5, 'urna pretium nisl ut');
insert into Powers (PowerID, PowerDescription) values (6, 'dapibus dolor vel est donec');
insert into Powers (PowerID, PowerDescription) values (7, 'risus dapibus augue vel accumsan');
insert into Powers (PowerID, PowerDescription) values (8, 'nulla ac enim');
insert into Powers (PowerID, PowerDescription) values (9, 'luctus et ultrices posuere cubilia curae');
insert into Powers (PowerID, PowerDescription) values (10, 'dolor vel est donec');
insert into Powers (PowerID, PowerDescription) values (11, 'lectus in quam fringilla rhoncus');
insert into Powers (PowerID, PowerDescription) values (12, 'vivamus in felis eu');
insert into Powers (PowerID, PowerDescription) values (13, 'interdum mauris ullamcorper purus');
insert into Powers (PowerID, PowerDescription) values (14, 'nulla tempus vivamus');
insert into Powers (PowerID, PowerDescription) values (15, 'libero nullam sit amet');
insert into Powers (PowerID, PowerDescription) values (16, 'sed tincidunt eu felis fusce posuere');
insert into Powers (PowerID, PowerDescription) values (17, 'dui luctus rutrum nulla tellus in sagittis');
insert into Powers (PowerID, PowerDescription) values (18, 'eget congue eget semper rutrum nulla nunc');
insert into Powers (PowerID, PowerDescription) values (19, 'in libero ut');
insert into Powers (PowerID, PowerDescription) values (20, 'ultrices posuere cubilia curae');
insert into Powers (PowerID, PowerDescription) values (21, 'purus sit amet nulla quisque arcu libero');
insert into Powers (PowerID, PowerDescription) values (22, 'lorem quisque ut erat curabitur gravida nisi');
insert into Powers (PowerID, PowerDescription) values (23, 'suspendisse potenti in eleifend');
insert into Powers (PowerID, PowerDescription) values (24, 'suspendisse ornare consequat');
insert into Powers (PowerID, PowerDescription) values (25, 'rhoncus mauris enim');
insert into Powers (PowerID, PowerDescription) values (26, 'luctus ultricies eu nibh quisque id');
insert into Powers (PowerID, PowerDescription) values (27, 'nunc rhoncus dui vel sem sed');
insert into Powers (PowerID, PowerDescription) values (28, 'pede libero quis');
insert into Powers (PowerID, PowerDescription) values (29, 'ornare consequat lectus');
insert into Powers (PowerID, PowerDescription) values (30, 'donec ut dolor morbi vel');
insert into Powers (PowerID, PowerDescription) values (31, 'volutpat eleifend donec ut');
insert into Powers (PowerID, PowerDescription) values (32, 'mauris eget massa tempor');
insert into Powers (PowerID, PowerDescription) values (33, 'id turpis integer aliquet massa id lobortis');
insert into Powers (PowerID, PowerDescription) values (34, 'cum sociis natoque penatibus');
insert into Powers (PowerID, PowerDescription) values (35, 'nulla eget eros');
insert into Powers (PowerID, PowerDescription) values (36, 'sapien ut nunc vestibulum ante ipsum');
insert into Powers (PowerID, PowerDescription) values (37, 'mauris sit amet eros');
insert into Powers (PowerID, PowerDescription) values (38, 'ut ultrices vel augue vestibulum ante');
insert into Powers (PowerID, PowerDescription) values (39, 'suscipit nulla elit');
insert into Powers (PowerID, PowerDescription) values (40, 'morbi porttitor lorem id ligula suspendisse');

insert into Sightings (SightingID, SightingDate, LocationID) values (1, '2017-12-04', 1);
insert into Sightings (SightingID, SightingDate, LocationID) values (2, '2018-02-12', 2);
insert into Sightings (SightingID, SightingDate, LocationID) values (3, '2018-02-19', 3);
insert into Sightings (SightingID, SightingDate, LocationID) values (4, '2018-04-05', 4);
insert into Sightings (SightingID, SightingDate, LocationID) values (5, '2018-05-11', 5);
insert into Sightings (SightingID, SightingDate, LocationID) values (6, '2018-09-24', 6);
insert into Sightings (SightingID, SightingDate, LocationID) values (7, '2018-02-15', 7);
insert into Sightings (SightingID, SightingDate, LocationID) values (8, '2017-11-19', 8);
insert into Sightings (SightingID, SightingDate, LocationID) values (9, '2018-07-19', 9);
insert into Sightings (SightingID, SightingDate, LocationID) values (10, '2017-12-04', 10);
insert into Sightings (SightingID, SightingDate, LocationID) values (11, '2018-03-09', 11);
insert into Sightings (SightingID, SightingDate, LocationID) values (12, '2018-07-05', 12);
insert into Sightings (SightingID, SightingDate, LocationID) values (13, '2017-12-06', 13);
insert into Sightings (SightingID, SightingDate, LocationID) values (14, '2017-12-05', 14);
insert into Sightings (SightingID, SightingDate, LocationID) values (15, '2018-01-20', 15);
insert into Sightings (SightingID, SightingDate, LocationID) values (16, '2018-10-15', 16);
insert into Sightings (SightingID, SightingDate, LocationID) values (17, '2018-01-09', 17);
insert into Sightings (SightingID, SightingDate, LocationID) values (18, '2018-02-12', 18);
insert into Sightings (SightingID, SightingDate, LocationID) values (19, '2018-04-03', 19);
insert into Sightings (SightingID, SightingDate, LocationID) values (20, '2018-05-25', 20);
insert into Sightings (SightingID, SightingDate, LocationID) values (21, '2018-02-16', 21);
insert into Sightings (SightingID, SightingDate, LocationID) values (22, '2018-02-07', 22);
insert into Sightings (SightingID, SightingDate, LocationID) values (23, '2018-08-29', 23);
insert into Sightings (SightingID, SightingDate, LocationID) values (24, '2018-05-13', 24);
insert into Sightings (SightingID, SightingDate, LocationID) values (25, '2018-04-18', 25);
insert into Sightings (SightingID, SightingDate, LocationID) values (26, '2018-09-02', 26);
insert into Sightings (SightingID, SightingDate, LocationID) values (27, '2018-01-06', 27);
insert into Sightings (SightingID, SightingDate, LocationID) values (28, '2017-12-09', 28);
insert into Sightings (SightingID, SightingDate, LocationID) values (29, '2018-07-15', 29);
insert into Sightings (SightingID, SightingDate, LocationID) values (30, '2018-09-28', 30);
insert into Sightings (SightingID, SightingDate, LocationID) values (31, '2017-11-08', 31);
insert into Sightings (SightingID, SightingDate, LocationID) values (32, '2018-02-28', 32);
insert into Sightings (SightingID, SightingDate, LocationID) values (33, '2018-07-27', 33);
insert into Sightings (SightingID, SightingDate, LocationID) values (34, '2017-12-19', 34);
insert into Sightings (SightingID, SightingDate, LocationID) values (35, '2018-03-14', 35);
insert into Sightings (SightingID, SightingDate, LocationID) values (36, '2018-03-23', 36);
insert into Sightings (SightingID, SightingDate, LocationID) values (37, '2018-09-11', 37);
insert into Sightings (SightingID, SightingDate, LocationID) values (38, '2017-12-02', 38);
insert into Sightings (SightingID, SightingDate, LocationID) values (39, '2018-02-16', 39);
insert into Sightings (SightingID, SightingDate, LocationID) values (40, '2018-03-24', 40);

insert into MutantsOrgs (MutantID, OrgID) values (1, 1);
insert into MutantsOrgs (MutantID, OrgID) values (2, 2);
insert into MutantsOrgs (MutantID, OrgID) values (3, 3);
insert into MutantsOrgs (MutantID, OrgID) values (4, 4);
insert into MutantsOrgs (MutantID, OrgID) values (5, 5);
insert into MutantsOrgs (MutantID, OrgID) values (6, 6);
insert into MutantsOrgs (MutantID, OrgID) values (7, 7);
insert into MutantsOrgs (MutantID, OrgID) values (8, 8);
insert into MutantsOrgs (MutantID, OrgID) values (9, 9);
insert into MutantsOrgs (MutantID, OrgID) values (10, 10);
insert into MutantsOrgs (MutantID, OrgID) values (11, 11);
insert into MutantsOrgs (MutantID, OrgID) values (12, 12);
insert into MutantsOrgs (MutantID, OrgID) values (13, 13);
insert into MutantsOrgs (MutantID, OrgID) values (14, 14);
insert into MutantsOrgs (MutantID, OrgID) values (15, 15);
insert into MutantsOrgs (MutantID, OrgID) values (16, 16);
insert into MutantsOrgs (MutantID, OrgID) values (17, 17);
insert into MutantsOrgs (MutantID, OrgID) values (18, 18);
insert into MutantsOrgs (MutantID, OrgID) values (19, 19);
insert into MutantsOrgs (MutantID, OrgID) values (20, 20);
insert into MutantsOrgs (MutantID, OrgID) values (21, 21);
insert into MutantsOrgs (MutantID, OrgID) values (22, 22);
insert into MutantsOrgs (MutantID, OrgID) values (23, 23);
insert into MutantsOrgs (MutantID, OrgID) values (24, 24);
insert into MutantsOrgs (MutantID, OrgID) values (25, 25);
insert into MutantsOrgs (MutantID, OrgID) values (26, 26);
insert into MutantsOrgs (MutantID, OrgID) values (27, 27);
insert into MutantsOrgs (MutantID, OrgID) values (28, 28);
insert into MutantsOrgs (MutantID, OrgID) values (29, 29);
insert into MutantsOrgs (MutantID, OrgID) values (30, 30);
insert into MutantsOrgs (MutantID, OrgID) values (31, 31);
insert into MutantsOrgs (MutantID, OrgID) values (32, 32);
insert into MutantsOrgs (MutantID, OrgID) values (33, 33);
insert into MutantsOrgs (MutantID, OrgID) values (34, 34);
insert into MutantsOrgs (MutantID, OrgID) values (35, 35);
insert into MutantsOrgs (MutantID, OrgID) values (36, 36);
insert into MutantsOrgs (MutantID, OrgID) values (37, 37);
insert into MutantsOrgs (MutantID, OrgID) values (38, 38);
insert into MutantsOrgs (MutantID, OrgID) values (39, 39);
insert into MutantsOrgs (MutantID, OrgID) values (40, 40);

insert into MutantsPowers (MutantID, PowerID) values (1, 1);
insert into MutantsPowers (MutantID, PowerID) values (2, 2);
insert into MutantsPowers (MutantID, PowerID) values (3, 3);
insert into MutantsPowers (MutantID, PowerID) values (4, 4);
insert into MutantsPowers (MutantID, PowerID) values (5, 5);
insert into MutantsPowers (MutantID, PowerID) values (6, 6);
insert into MutantsPowers (MutantID, PowerID) values (7, 7);
insert into MutantsPowers (MutantID, PowerID) values (8, 8);
insert into MutantsPowers (MutantID, PowerID) values (9, 9);
insert into MutantsPowers (MutantID, PowerID) values (10, 10);
insert into MutantsPowers (MutantID, PowerID) values (11, 11);
insert into MutantsPowers (MutantID, PowerID) values (12, 12);
insert into MutantsPowers (MutantID, PowerID) values (13, 13);
insert into MutantsPowers (MutantID, PowerID) values (14, 14);
insert into MutantsPowers (MutantID, PowerID) values (15, 15);
insert into MutantsPowers (MutantID, PowerID) values (16, 16);
insert into MutantsPowers (MutantID, PowerID) values (17, 17);
insert into MutantsPowers (MutantID, PowerID) values (18, 18);
insert into MutantsPowers (MutantID, PowerID) values (19, 19);
insert into MutantsPowers (MutantID, PowerID) values (20, 20);
insert into MutantsPowers (MutantID, PowerID) values (21, 21);
insert into MutantsPowers (MutantID, PowerID) values (22, 22);
insert into MutantsPowers (MutantID, PowerID) values (23, 23);
insert into MutantsPowers (MutantID, PowerID) values (24, 24);
insert into MutantsPowers (MutantID, PowerID) values (25, 25);
insert into MutantsPowers (MutantID, PowerID) values (26, 26);
insert into MutantsPowers (MutantID, PowerID) values (27, 27);
insert into MutantsPowers (MutantID, PowerID) values (28, 28);
insert into MutantsPowers (MutantID, PowerID) values (29, 29);
insert into MutantsPowers (MutantID, PowerID) values (30, 30);
insert into MutantsPowers (MutantID, PowerID) values (31, 31);
insert into MutantsPowers (MutantID, PowerID) values (32, 32);
insert into MutantsPowers (MutantID, PowerID) values (33, 33);
insert into MutantsPowers (MutantID, PowerID) values (34, 34);
insert into MutantsPowers (MutantID, PowerID) values (35, 35);
insert into MutantsPowers (MutantID, PowerID) values (36, 36);
insert into MutantsPowers (MutantID, PowerID) values (37, 37);
insert into MutantsPowers (MutantID, PowerID) values (38, 38);
insert into MutantsPowers (MutantID, PowerID) values (39, 39);
insert into MutantsPowers (MutantID, PowerID) values (40, 40);

insert into MutantsSightings (MutantID, SightingID) values (1, 1);
insert into MutantsSightings (MutantID, SightingID) values (2, 2);
insert into MutantsSightings (MutantID, SightingID) values (3, 3);
insert into MutantsSightings (MutantID, SightingID) values (4, 4);
insert into MutantsSightings (MutantID, SightingID) values (5, 5);
insert into MutantsSightings (MutantID, SightingID) values (6, 6);
insert into MutantsSightings (MutantID, SightingID) values (7, 7);
insert into MutantsSightings (MutantID, SightingID) values (8, 8);
insert into MutantsSightings (MutantID, SightingID) values (9, 9);
insert into MutantsSightings (MutantID, SightingID) values (10, 10);
insert into MutantsSightings (MutantID, SightingID) values (11, 11);
insert into MutantsSightings (MutantID, SightingID) values (12, 12);
insert into MutantsSightings (MutantID, SightingID) values (13, 13);
insert into MutantsSightings (MutantID, SightingID) values (14, 14);
insert into MutantsSightings (MutantID, SightingID) values (15, 15);
insert into MutantsSightings (MutantID, SightingID) values (16, 16);
insert into MutantsSightings (MutantID, SightingID) values (17, 17);
insert into MutantsSightings (MutantID, SightingID) values (18, 18);
insert into MutantsSightings (MutantID, SightingID) values (19, 19);
insert into MutantsSightings (MutantID, SightingID) values (20, 20);
insert into MutantsSightings (MutantID, SightingID) values (21, 21);
insert into MutantsSightings (MutantID, SightingID) values (22, 22);
insert into MutantsSightings (MutantID, SightingID) values (23, 23);
insert into MutantsSightings (MutantID, SightingID) values (24, 24);
insert into MutantsSightings (MutantID, SightingID) values (25, 25);
insert into MutantsSightings (MutantID, SightingID) values (26, 26);
insert into MutantsSightings (MutantID, SightingID) values (27, 27);
insert into MutantsSightings (MutantID, SightingID) values (28, 28);
insert into MutantsSightings (MutantID, SightingID) values (29, 29);
insert into MutantsSightings (MutantID, SightingID) values (30, 30);
insert into MutantsSightings (MutantID, SightingID) values (31, 31);
insert into MutantsSightings (MutantID, SightingID) values (32, 32);
insert into MutantsSightings (MutantID, SightingID) values (33, 33);
insert into MutantsSightings (MutantID, SightingID) values (34, 34);
insert into MutantsSightings (MutantID, SightingID) values (35, 35);
insert into MutantsSightings (MutantID, SightingID) values (36, 36);
insert into MutantsSightings (MutantID, SightingID) values (37, 37);
insert into MutantsSightings (MutantID, SightingID) values (38, 38);
insert into MutantsSightings (MutantID, SightingID) values (39, 39);
insert into MutantsSightings (MutantID, SightingID) values (40, 40);